{
    "learning_rate": 0.06394868766799867,
    "max_leaf_nodes": 20,
    "min_samples_leaf": 17,
    "l2_regularization": 22.128602074859426,
    "mean_threshold": 0.19142857142857142
}