{
    "learning_rate": 0.0894488970066411,
    "depth": 3,
    "l2_leaf_reg": 0.04861123719686134,
    "mean_threshold": 0.1979591836734694
}