{
    "learning_rate": 0.04295580674449816,
    "max_leaf_nodes": 31,
    "min_samples_leaf": 25,
    "l2_regularization": 8.390389442630156,
    "early_stopping": true,
    "validation_fraction": 0.1,
    "random_state": 42,
    "verbose": 0,
    "mean_threshold": 0.18040201005025128
}