{
    "num_leaves": 71,
    "feature_fraction": 0.31996887722138695,
    "bagging_fraction": 0.5372418948817358,
    "bagging_freq": 19,
    "learning_rate": 0.01755632876200545,
    "lambda_l1": 16.571562337276383,
    "lambda_l2": 0.06314341983967049,
    "mean_threshold": 0.4820408163265307
}