{
    "learning_rate": 0.09970154134332151,
    "depth": 3,
    "l2_leaf_reg": 0.0010342276468827754,
    "colsample_bylevel": 0.4741439496335655,
    "iterations": 2000,
    "loss_function": "Logloss",
    "eval_metric": "Logloss",
    "verbose": false,
    "random_seed": 42,
    "mean_threshold": 0.19969849246231158
}