{
    "difference_min": 0.05218960132104022,
    "info_min": 0.03089648066623365,
    "max_depth": 3,
    "min_child_weight": 0.01436830166963303,
    "subsample": 0.5535868944752692,
    "colsample_bytree": 0.7846012921773652,
    "learning_rate": 0.06806594650165576,
    "lambda": 3.7018701051348804,
    "alpha": 6.572640433297191,
    "mean_threshold": 0.18816326530612246
}