{
    "learning_rate": 0.04253553883355031,
    "depth": 8,
    "l2_leaf_reg": 0.0013706806267854523,
    "colsample_bylevel": 0.7927886563536175,
    "iterations": 2000,
    "loss_function": "Logloss",
    "eval_metric": "Logloss",
    "verbose": false,
    "random_seed": 42,
    "mean_threshold": 0.19005025125628144
}